<?xml version="1.0" encoding="UTF-8"?>
<jcr:root xmlns:sling="http://sling.apache.org/jcr/sling/1.0" xmlns:cq="http://www.day.com/jcr/cq/1.0" xmlns:jcr="http://www.jcp.org/jcr/1.0" xmlns:nt="http://www.jcp.org/jcr/nt/1.0"
    jcr:primaryType="nt:unstructured"
    jcr:title="Hero Services"
    sling:resourceType="cq/gui/components/authoring/dialog">
    <content
        jcr:primaryType="nt:unstructured"
        sling:resourceType="granite/ui/components/coral/foundation/container">
        <layout
            jcr:primaryType="nt:unstructured"
            sling:resourceType="granite/ui/components/foundation/layouts/fixedcolumns"
            margin="{Boolean}false"/>
        <items jcr:primaryType="nt:unstructured">
            <heroServices
                jcr:primaryType="nt:unstructured"
                jcr:title="./heroServicesItems"
                sling:resourceType="granite/ui/components/coral/foundation/fixedcolumns">
                <items jcr:primaryType="nt:unstructured">
                    <column
                        jcr:primaryType="nt:unstructured"
                        sling:resourceType="granite/ui/components/coral/foundation/container">
                        <items jcr:primaryType="nt:unstructured">
                            <heroItems
                                jcr:primaryType="nt:unstructured"
                                jcr:title="Content Items"
                                sling:resourceType="granite/ui/components/coral/foundation/form/fieldset">
                                <items jcr:primaryType="nt:unstructured">
                                    <heroContent
                                        jcr:primaryType="nt:unstructured"
                                        sling:resourceType="granite/ui/components/coral/foundation/form/textfield"
                                        fieldLabel="Hero Content"
                                        name="./heroContent"/>
                                    <heroPosition
                                        jcr:primaryType="nt:unstructured"
                                        sling:resourceType="granite/ui/components/coral/foundation/form/select"
                                        fieldLabel="Hero Position"
                                        name="./heroPosition">
                                        <items jcr:primaryType="nt:unstructured">
                                            <left
                                                jcr:primaryType="nt:unstructured"
                                                selected="{Boolean}true"
                                                text="left"
                                                value="left"/>
                                            <right
                                                jcr:primaryType="nt:unstructured"
                                                text="right"
                                                value="right"/>
                                        </items>
                                    </heroPosition>
                                </items>
                            </heroItems>
                            <circleItems
                                jcr:primaryType="nt:unstructured"
                                jcr:title="Circle Items"
                                sling:resourceType="granite/ui/components/coral/foundation/form/fieldset">
                                <items jcr:primaryType="nt:unstructured">
                                    <circleContent
                                        jcr:primaryType="nt:unstructured"
                                        sling:resourceType="granite/ui/components/coral/foundation/form/textfield"
                                        fieldLabel="Circle Content"
                                        name="./circleContent"/>
                                    <circleContentColor
                                        jcr:primaryType="nt:unstructured"
                                        sling:resourceType="granite/ui/components/coral/foundation/form/select"
                                        fieldLabel="Circle Contnet Color"
                                        name="./circleContentColor">
                                        <items jcr:primaryType="nt:unstructured">
                                            <grey
                                                jcr:primaryType="nt:unstructured"
                                                text="grey"
                                                value="grey"/>
                                            <white
                                                jcr:primaryType="nt:unstructured"
                                                selected="{Boolean}true"
                                                text="white"
                                                value="white"/>
                                        </items>
                                    </circleContentColor>
                                </items>
                            </circleItems>
                            <background
                                jcr:primaryType="nt:unstructured"
                                jcr:title="Background"
                                sling:resourceType="granite/ui/components/coral/foundation/form/fieldset">
                                <items jcr:primaryType="nt:unstructured">
                                    <backgroundColor
                                        jcr:primaryType="nt:unstructured"
                                        sling:resourceType="granite/ui/components/coral/foundation/form/select"
                                        fieldLabel="Background Color"
                                        name="./backgroundColor">
                                        <items jcr:primaryType="nt:unstructured">
                                            <charcoal
                                                jcr:primaryType="nt:unstructured"
                                                text="charcoal"
                                                value="charcoal"/>
                                            <red
                                                jcr:primaryType="nt:unstructured"
                                                selected="{Boolean}true"
                                                text="red"
                                                value="red"/>
                                            <blue
                                                jcr:primaryType="nt:unstructured"
                                                text="blue"
                                                value="blue"/>
                                            <green
                                                jcr:primaryType="nt:unstructured"
                                                text="green"
                                                value="green"/>
                                        </items>
                                    </backgroundColor>
                                    <backgroundImg
                                        jcr:primaryType="nt:unstructured"
                                        sling:resourceType="cq/gui/components/authoring/dialog/fileupload"
                                        autoStart="{Boolean}false"
                                        class="cq-droptarget"
                                        fieldLabel="Background Img"
                                        fileNameParameter="./backgroundImg"
                                        fileReferenceParameter="./backgroundImg"
                                        mimeTypes="[image/gif,image/jpeg,image/png,image/webp,image/tiff]"
                                        multiple="{Boolean}false"
                                        name="./background-img"
                                        uploadUrl="${suffix.path}"
                                        useHTML5="{Boolean}true"/>
                                </items>
                            </background>
                        </items>
                    </column>
                </items>
            </heroServices>
        </items>
    </content>
</jcr:root>
