<?xml version="1.0" encoding="UTF-8"?>
<jcr:root xmlns:sling="http://sling.apache.org/jcr/sling/1.0" xmlns:granite="http://www.adobe.com/jcr/granite/1.0" xmlns:cq="http://www.day.com/jcr/cq/1.0" xmlns:jcr="http://www.jcp.org/jcr/1.0" xmlns:nt="http://www.jcp.org/jcr/nt/1.0"
    jcr:primaryType="nt:unstructured"
    jcr:title="Page"
    sling:resourceType="cq/gui/components/authoring/dialog"
    extraClientlibs="[cq.common.wcm,cq.siteadmin.admin.properties,cq.wcm.msm.properties,granite.contexthub.configuration]"
    mode="edit">
    <content
        jcr:primaryType="nt:unstructured"
        sling:resourceType="granite/ui/components/foundation/container"
        class="cq-dialog-content-page">
        <items jcr:primaryType="nt:unstructured">
            <tabs
                granite:class="cq-siteadmin-admin-properties-tabs"
                jcr:primaryType="nt:unstructured"
                sling:resourceType="granite/ui/components/coral/foundation/tabs"
                maximized="{Boolean}true"
                size="L">
                <items jcr:primaryType="nt:unstructured">
                    <basic
                        jcr:primaryType="nt:unstructured"
                        jcr:title="Basic"
                        sling:resourceType="granite/ui/components/coral/foundation/fixedcolumns">
                        <items jcr:primaryType="nt:unstructured">
                            <column
                                jcr:primaryType="nt:unstructured"
                                sling:resourceType="granite/ui/components/coral/foundation/container">
                                <items
                                    jcr:primaryType="nt:unstructured"
                                    sling:resourceSuperType="/libs/wcm/foundation/components/basicpage/v1/basicpage/tabs/basic/items/column/items">
                                    <title
                                        jcr:primaryType="nt:unstructured"
                                        jcr:title="Title and Author"
                                        sling:resourceType="granite/ui/components/coral/foundation/form/fieldset">
                                        <items
                                            jcr:primaryType="nt:unstructured"
                                            sling:hideChildren="[pagename]">
                                            <author
                                                cq:showOnCreate="{Boolean}true"
                                                jcr:primaryType="nt:unstructured"
                                                sling:orderBefore="tags"
                                                sling:resourceType="granite/ui/components/coral/foundation/form/textfield"
                                                fieldLabel="author"
                                                name="./author"/>
                                        </items>
                                    </title>
                                    <moretitles
                                        cq:showOnCreate="{Boolean}true"
                                        jcr:primaryType="nt:unstructured"
                                        jcr:title="More Titles and Description"
                                        sling:resourceType="granite/ui/components/coral/foundation/form/fieldset">
                                        <items
                                            jcr:primaryType="nt:unstructured"
                                            sling:resourceSuperType="/libs/wcm/foundation/components/basicpage/v1/basicpage/tabs/basic/items/column/items/moretitles/items">
                                            <description
                                                cq:showOnCreate="{Boolean}true"
                                                jcr:primaryType="nt:unstructured"
                                                sling:resourceType="granite/ui/components/coral/foundation/form/textarea"
                                                fieldLabel="Description"
                                                name="./jcr:description"
                                                renderReadOnly="{Boolean}true">
                                                <granite:data
                                                    jcr:primaryType="nt:unstructured"
                                                    allowBulkEdit="{Boolean}true"
                                                    cq-msm-lockable="jcr:description"/>
                                            </description>
                                        </items>
                                    </moretitles>
                                </items>
                            </column>
                        </items>
                    </basic>
                    <training
                        jcr:primaryType="nt:unstructured"
                        jcr:title="Training"
                        sling:resourceType="granite/ui/components/coral/foundation/fixedcolumns">
                        <items jcr:primaryType="nt:unstructured">
                            <column
                                jcr:primaryType="nt:unstructured"
                                sling:resourceType="granite/ui/components/coral/foundation/container">
                                <items jcr:primaryType="nt:unstructured">
                                    <title
                                        jcr:primaryType="nt:unstructured"
                                        jcr:title="Training Information"
                                        sling:resourceType="granite/ui/components/coral/foundation/form/fieldset">
                                        <items jcr:primaryType="nt:unstructured">
                                            <trainer
                                                cq:showOnCreate="{Boolean}true"
                                                jcr:primaryType="nt:unstructured"
                                                sling:resourceType="granite/ui/components/coral/foundation/form/textfield"
                                                fieldLabel="Trainner"
                                                name="./trainer"/>
                                            <trainingDate
                                                cq:showOnCreate="{Boolean}true"
                                                jcr:primaryType="nt:unstructured"
                                                sling:resourceType="granite/ui/components/foundation/form/datepicker"
                                                allowBulkEdit="{Boolean}true"
                                                displayedFormat="YYYY-MM-DD"
                                                fieldLabel="Training Date"
                                                name="./trainingDate"
                                                renderReadOnly="{Boolean}true">
                                                <granite:data
                                                    jcr:primaryType="nt:unstructured"
                                                    allowBulkEdit="{Boolean}true"
                                                    cq-msm-lockable="trainingData"/>
                                            </trainingDate>
                                        </items>
                                    </title>
                                </items>
                            </column>
                        </items>
                    </training>
                </items>
            </tabs>
        </items>
    </content>
</jcr:root>
