<?xml version="1.0" encoding="UTF-8"?>
<jcr:root xmlns:sling="http://sling.apache.org/jcr/sling/1.0" xmlns:granite="http://www.adobe.com/jcr/granite/1.0" xmlns:cq="http://www.day.com/jcr/cq/1.0" xmlns:jcr="http://www.jcp.org/jcr/1.0" xmlns:nt="http://www.jcp.org/jcr/nt/1.0"
    jcr:primaryType="nt:unstructured"
    jcr:title="Page"
    sling:resourceType="cq/gui/components/authoring/dialog"
    extraClientlibs="[cq.common.wcm,cq.siteadmin.admin.properties,cq.wcm.msm.properties,granite.contexthub.configuration]"
    mode="edit">
    <content
        jcr:primaryType="nt:unstructured"
        sling:resourceType="granite/ui/components/foundation/container"
        class="cq-dialog-content-page">
        <items jcr:primaryType="nt:unstructured">
            <tabs
                granite:class="cq-siteadmin-admin-properties-tabs"
                jcr:primaryType="nt:unstructured"
                sling:resourceType="granite/ui/components/coral/foundation/tabs"
                maximized="{Boolean}true"
                size="L">
                <items jcr:primaryType="nt:unstructured">
                    <guide
                        jcr:primaryType="nt:unstructured"
                        jcr:title="Guide"
                        sling:resourceType="granite/ui/components/coral/foundation/fixedcolumns">
                        <items jcr:primaryType="nt:unstructured">
                            <column
                                jcr:primaryType="nt:unstructured"
                                sling:resourceType="granite/ui/components/coral/foundation/container">
                                <items jcr:primaryType="nt:unstructured">
                                    <path-of-guide
                                        jcr:primaryType="nt:unstructured"
                                        jcr:title="Path of guide"
                                        sling:resourceType="granite/ui/components/coral/foundation/form/fieldset">
                                        <items
                                            jcr:primaryType="nt:unstructured"
                                            sling:hideChildren="[pagename]">
                                            <pdfUrl
                                                cq:showOnCreate="{Boolean}true"
                                                jcr:primaryType="nt:unstructured"
                                                sling:resourceType="cq/gui/components/authoring/dialog/fileupload"
                                                autoStart="{Boolean}false"
                                                class="cq-droptarget"
                                                fieldLabel="pdf url"
                                                fileNameParameter="./pathOfGuide"
                                                fileReferenceParameter="./pathOfGuide"
                                                mimeTypes="[.pdf]"
                                                multiple="{Boolean}false"
                                                name="./guidePDF"
                                                uploadUrl="${suffix.path}"
                                                useHTML5="{Boolean}true"/>
                                            <pdf-url
                                                jcr:primaryType="nt:unstructured"
                                                sling:resourceType="granite/ui/components/coral/foundation/form/pathbrowser"
                                                fieldLabel="PDF URL"
                                                name="./pdfUrl"
                                                required="{Boolean}true"
                                                validation="pdfOnly"/>
                                        </items>
                                    </path-of-guide>
                                </items>
                            </column>
                        </items>
                    </guide>
                </items>
            </tabs>
        </items>
    </content>
</jcr:root>
