<?xml version="1.0" encoding="UTF-8"?>
<jcr:root xmlns:sling="http://sling.apache.org/jcr/sling/1.0" xmlns:granite="http://www.adobe.com/jcr/granite/1.0" xmlns:cq="http://www.day.com/jcr/cq/1.0" xmlns:jcr="http://www.jcp.org/jcr/1.0" xmlns:nt="http://www.jcp.org/jcr/nt/1.0"
    jcr:primaryType="nt:unstructured"
    jcr:title="Properties"
    sling:resourceType="cq/gui/components/authoring/dialog">
    <content
        jcr:primaryType="nt:unstructured"
        sling:resourceType="granite/ui/components/coral/foundation/container">
        <layout
            jcr:primaryType="nt:unstructured"
            sling:resourceType="granite/ui/components/foundation/layouts/fixedcolumns"
            margin="{Boolean}false"/>
        <items jcr:primaryType="nt:unstructured">
            <tabs
                granite:class="cq-siteadmin-admin-properties-tabs"
                jcr:primaryType="nt:unstructured"
                sling:resourceType="granite/ui/components/coral/foundation/tabs"
                size="L">
                <items jcr:primaryType="nt:unstructured">
                    <basic-info
                        jcr:primaryType="nt:unstructured"
                        jcr:title="Basic Infomation"
                        sling:resourceType="granite/ui/components/coral/foundation/fixedcolumns">
                        <items jcr:primaryType="nt:unstructured">
                            <column
                                jcr:primaryType="nt:unstructured"
                                sling:resourceType="granite/ui/components/coral/foundation/container">
                                <items jcr:primaryType="nt:unstructured">
                                    <title
                                        jcr:primaryType="nt:unstructured"
                                        sling:resourceType="granite/ui/components/coral/foundation/form/textfield"
                                        fieldLabel="Title"
                                        name="./title"
                                        required="{Boolean}true"/>
                                    <receive-emails-Text
                                        jcr:primaryType="nt:unstructured"
                                        sling:resourceType="granite/ui/components/coral/foundation/form/textfield"
                                        fieldLabel="Receive Emails Text"
                                        name="./receiveEmailsText"
                                        required="{Boolean}true"/>
                                    <phone-number
                                        jcr:primaryType="nt:unstructured"
                                        sling:resourceType="granite/ui/components/coral/foundation/form/textfield"
                                        fieldLabel="Phone Number(Must be in format of (000) 000-0000.)"
                                        name="./phoneNumber"
                                        required="{Boolean}true"
                                        validation="phone-number"/>
                                    <caption
                                        jcr:primaryType="nt:unstructured"
                                        sling:resourceType="granite/ui/components/coral/foundation/include"
                                        fieldLabel="Caption"
                                        name="./caption"
                                        path="/apps/PerficientDigital/components/content/digital/RTE2/cq:dialog/content/items/column/items/title"/>
                                </items>
                            </column>
                        </items>
                    </basic-info>
                    <additional-fields
                        jcr:primaryType="nt:unstructured"
                        jcr:title="Additional Form Fields"
                        sling:resourceType="granite/ui/components/coral/foundation/fixedcolumns">
                        <items jcr:primaryType="nt:unstructured">
                            <additional-form-fields-config
                                jcr:primaryType="nt:unstructured"
                                jcr:title="additional form fields config"
                                sling:resourceType="granite/ui/components/coral/foundation/form/fieldset">
                                <items jcr:primaryType="nt:unstructured">
                                    <first-name
                                        jcr:primaryType="nt:unstructured"
                                        sling:resourceType="granite/ui/components/coral/foundation/form/textfield"
                                        fieldLabel="First Name"
                                        name="./firstName"
                                        required="{Boolean}true"/>
                                    <last-name
                                        jcr:primaryType="nt:unstructured"
                                        sling:resourceType="granite/ui/components/coral/foundation/form/textfield"
                                        fieldLabel="Last Name"
                                        name="./lastName"
                                        required="{Boolean}true"/>
                                    <work-email
                                        jcr:primaryType="nt:unstructured"
                                        sling:resourceType="granite/ui/components/coral/foundation/form/textfield"
                                        fieldLabel="Work Email"
                                        name="./workEmail"
                                        required="{Boolean}true"/>
                                    <additional-form-fields-items
                                        jcr:primaryType="nt:unstructured"
                                        jcr:title="additional-form-fields-items"
                                        sling:resourceType="granite/ui/components/coral/foundation/form/multifield"
                                        composite="{Boolean}true"
                                        fieldLabel="additional-form-fields-items">
                                        <field
                                            jcr:primaryType="nt:unstructured"
                                            sling:resourceType="granite/ui/components/coral/foundation/container"
                                            name="./additionalFormItems">
                                            <items jcr:primaryType="nt:unstructured">
                                                <label
                                                    jcr:primaryType="nt:unstructured"
                                                    sling:resourceType="granite/ui/components/coral/foundation/form/textfield"
                                                    fieldLabel="Label"
                                                    name="./label"
                                                    required="{Boolean}true"/>
                                                <option
                                                    jcr:primaryType="nt:unstructured"
                                                    sling:resourceType="granite/ui/components/coral/foundation/form/checkbox"
                                                    defaultChecked="{Boolean}false"
                                                    name="./isRequired"
                                                    text="Is Required"
                                                    uncheckedValue="{Boolean}false"
                                                    value="{Boolean}true"/>
                                            </items>
                                        </field>
                                    </additional-form-fields-items>
                                </items>
                            </additional-form-fields-config>
                        </items>
                    </additional-fields>
                </items>
            </tabs>
        </items>
    </content>
</jcr:root>
