<?xml version="1.0" encoding="UTF-8"?>
<jcr:root xmlns:sling="http://sling.apache.org/jcr/sling/1.0" xmlns:cq="http://www.day.com/jcr/cq/1.0" xmlns:jcr="http://www.jcp.org/jcr/1.0" xmlns:nt="http://www.jcp.org/jcr/nt/1.0"
    jcr:primaryType="nt:unstructured"
    jcr:title="RTE2"
    sling:resourceType="cq/gui/components/authoring/dialog"
    helpPath="https://www.adobe.com/go/aem6_4_docs_component_en#Title - HTL">
    <content
        jcr:primaryType="nt:unstructured"
        sling:resourceType="granite/ui/components/foundation/container">
        <layout
            jcr:primaryType="nt:unstructured"
            sling:resourceType="granite/ui/components/foundation/layouts/fixedcolumns"
            margin="{Boolean}false"/>
        <items jcr:primaryType="nt:unstructured">
            <column
                jcr:primaryType="nt:unstructured"
                sling:resourceType="granite/ui/components/foundation/container">
                <items jcr:primaryType="nt:unstructured">
                    <title
                        jcr:primaryType="nt:unstructured"
                        sling:resourceType="cq/gui/components/authoring/dialog/richtext"
                        fieldDescription="Leave empty to use the page title."
                        fieldLabel="Caption"
                        name="./words"
                        useFixedInlineToolbar="{Boolean}true">
                        <rtePlugins jcr:primaryType="nt:unstructured">
                            <format
                                jcr:primaryType="nt:unstructured"
                                features="bold,italic"/>
                            <links
                                jcr:primaryType="nt:unstructured"
                                features="modifylink,anchor"/>
                            <lists
                                jcr:primaryType="nt:unstructured"
                                features="ordered,unordered"/>
                            <misctools
                                jcr:primaryType="nt:unstructured"
                                features="specialchars">
                                <specialCharsConfig jcr:primaryType="nt:unstructured">
                                    <chars jcr:primaryType="nt:unstructured">
                                        <default_copyright
                                            jcr:primaryType="nt:unstructured"
                                            entity="&amp;copy;"
                                            name="copyright"/>
                                        <default_euro
                                            jcr:primaryType="nt:unstructured"
                                            entity="&amp;euro;"
                                            name="euro"/>
                                        <default_registered
                                            jcr:primaryType="nt:unstructured"
                                            entity="&amp;reg;"
                                            name="registered"/>
                                        <default_trademark
                                            jcr:primaryType="nt:unstructured"
                                            entity="&amp;trade;"
                                            name="trademark"/>
                                    </chars>
                                </specialCharsConfig>
                            </misctools>
                            <paraformat
                                jcr:primaryType="nt:unstructured"
                                features="*">
                                <formats jcr:primaryType="nt:unstructured">
                                    <default_p
                                        jcr:primaryType="nt:unstructured"
                                        description="Paragraph"
                                        tag="p"/>
                                    <default_h1
                                        jcr:primaryType="nt:unstructured"
                                        description="Heading 1"
                                        tag="h1"/>
                                    <default_h2
                                        jcr:primaryType="nt:unstructured"
                                        description="Heading 2"
                                        tag="h2"/>
                                    <default_h3
                                        jcr:primaryType="nt:unstructured"
                                        description="Heading 3"
                                        tag="h3"/>
                                    <default_h4
                                        jcr:primaryType="nt:unstructured"
                                        description="Heading 4"
                                        tag="h4"/>
                                    <default_h5
                                        jcr:primaryType="nt:unstructured"
                                        description="Heading 5"
                                        tag="h5"/>
                                    <default_h6
                                        jcr:primaryType="nt:unstructured"
                                        description="Heading 6"
                                        tag="h6"/>
                                    <default_blockquote
                                        jcr:primaryType="nt:unstructured"
                                        description="Quote"
                                        tag="blockquote"/>
                                    <default_pre
                                        jcr:primaryType="nt:unstructured"
                                        description="Preformatted"
                                        tag="pre"/>
                                </formats>
                            </paraformat>
                            <table
                                jcr:primaryType="nt:unstructured"
                                features="*">
                                <hiddenHeaderConfig
                                    jcr:primaryType="nt:unstructured"
                                    hiddenHeaderClassName="cq-wcm-foundation-aria-visuallyhidden"
                                    hiddenHeaderEditingCSS="cq-RichText-hiddenHeader--editing"/>
                            </table>
                            <spellcheck
                                jcr:primaryType="nt:unstructured"
                                features="checktext"/>
                            <edit
                                jcr:primaryType="nt:unstructured"
                                features="cut,copy,paste-plaintext"/>
                            <undo
                                jcr:primaryType="nt:unstructured"
                                features="*"/>
                            <findreplace
                                jcr:primaryType="nt:unstructured"
                                features="*"/>
                        </rtePlugins>
                        <uiSettings jcr:primaryType="nt:unstructured">
                            <cui jcr:primaryType="nt:unstructured">
                                <inline
                                    jcr:primaryType="nt:unstructured"
                                    toolbar="[format#bold,format#italic,#lists,links#modifylink,links#anchor,#paraformat,spellcheck#checktext,misctools#specialchars,#edit,undo#undo,undo#redo,findreplace#find,findreplace#replace,table#table]">
                                    <popovers jcr:primaryType="nt:unstructured">
                                        <lists
                                            jcr:primaryType="nt:unstructured"
                                            items="[lists#unordered,lists#ordered]"
                                            ref="lists"/>
                                        <paraformat
                                            jcr:primaryType="nt:unstructured"
                                            items="paraformat:getFormats:paraformat-pulldown"
                                            ref="paraformat"/>
                                        <edit
                                            jcr:primaryType="nt:unstructured"
                                            items="[edit#cut,edit#copy,edit#paste-plaintext]"
                                            ref="edit"/>
                                    </popovers>
                                </inline>
                                <dialogFullScreen
                                    jcr:primaryType="nt:unstructured"
                                    toolbar="[format#bold,format#italic,lists#unordered,lists#ordered,links#modifylink,#paraformat,spellcheck#checktext,misctools#specialchars,links#anchor,edit#cut,edit#copy,edit#paste-plaintext,undo#undo,undo#redo,table#table,findreplace#find,findreplace#replace,table#table,table#removetable]">
                                    <popovers jcr:primaryType="nt:unstructured">
                                        <paraformat
                                            jcr:primaryType="nt:unstructured"
                                            items="paraformat:getFormats:paraformat-pulldown"
                                            ref="paraformat"/>
                                    </popovers>
                                </dialogFullScreen>
                                <tableEditOptions
                                    jcr:primaryType="nt:unstructured"
                                    toolbar="[table#insertcolumn-before,table#insertcolumn-after,table#removecolumn,-,table#insertrow-before,table#insertrow-after,table#removerow,-,table#mergecells-right,table#mergecells-down,table#mergecells,table#splitcell-horizontal,table#splitcell-vertical,-,table#selectrow,table#selectcolumn,-,table#ensureparagraph,-,table#modifytableandcell,table#removetable,-,undo#undo,undo#redo,-,table#exitTableEditing,-]"/>
                            </cui>
                        </uiSettings>
                    </title>
                </items>
            </column>
        </items>
    </content>
</jcr:root>
