<?xml version="1.0" encoding="UTF-8"?>
<jcr:root xmlns:sling="http://sling.apache.org/jcr/sling/1.0" xmlns:granite="http://www.adobe.com/jcr/granite/1.0" xmlns:cq="http://www.day.com/jcr/cq/1.0" xmlns:jcr="http://www.jcp.org/jcr/1.0" xmlns:nt="http://www.jcp.org/jcr/nt/1.0"
    jcr:primaryType="nt:unstructured"
    jcr:title="Footer"
    sling:resourceType="cq/gui/components/authoring/dialog"
    helpPath="https://www.adobe.com/go/aem6_4_docs_component_en#Title">
    <content
        jcr:primaryType="nt:unstructured"
        sling:resourceType="granite/ui/components/coral/foundation/container">
        <layout
            jcr:primaryType="nt:unstructured"
            sling:resourceType="granite/ui/components/foundation/layouts/fixedcolumns"
            margin="{Boolean}false"/>
        <items jcr:primaryType="nt:unstructured">
            <tabs
                granite:class="cq-siteadmin-admin-properties-tabs"
                jcr:primaryType="nt:unstructured"
                sling:resourceType="granite/ui/components/coral/foundation/tabs"
                size="L">
                <items jcr:primaryType="nt:unstructured">
                    <footer
                        jcr:primaryType="nt:unstructured"
                        jcr:title="Footer"
                        sling:resourceType="granite/ui/components/coral/foundation/fixedcolumns">
                        <items jcr:primaryType="nt:unstructured">
                            <column
                                jcr:primaryType="nt:unstructured"
                                sling:resourceType="granite/ui/components/coral/foundation/container">
                                <items jcr:primaryType="nt:unstructured">
                                    <logo
                                        jcr:primaryType="nt:unstructured"
                                        jcr:title="Logo Config"
                                        sling:resourceType="granite/ui/components/coral/foundation/form/fieldset">
                                        <items jcr:primaryType="nt:unstructured">
                                            <logo-image
                                                jcr:primaryType="nt:unstructured"
                                                sling:resourceType="cq/gui/components/authoring/dialog/fileupload"
                                                autoStart="{Boolean}false"
                                                class="cq-droptarget"
                                                fieldLabel="Image Asset"
                                                fileNameParameter="./companyLogo"
                                                fileReferenceParameter="./companyLogo"
                                                mimeTypes="[image/gif,image/jpeg,image/png,image/webp,image/tiff]"
                                                multiple="{Boolean}false"
                                                name="./company-logo"
                                                title="Upload Image Asset"
                                                uploadUrl="${suffix.path}"
                                                useHTML5="{Boolean}true"/>
                                            <logo-link
                                                jcr:primaryType="nt:unstructured"
                                                sling:resourceType="granite/ui/components/coral/foundation/form/pathbrowser"
                                                fieldLabel="Logo Link"
                                                name="./logoLink"
                                                required="{Boolean}true"/>
                                        </items>
                                    </logo>
                                    <private-policy
                                        jcr:primaryType="nt:unstructured"
                                        jcr:title="Private Policy"
                                        sling:resourceType="granite/ui/components/coral/foundation/form/fieldset">
                                        <items jcr:primaryType="nt:unstructured">
                                            <privacy-policy-text
                                                jcr:primaryType="nt:unstructured"
                                                sling:resourceType="granite/ui/components/coral/foundation/form/textfield"
                                                fieldLabel="Link Name"
                                                name="./privacyPolicyText"/>
                                            <source-link
                                                jcr:primaryType="nt:unstructured"
                                                sling:resourceType="granite/ui/components/coral/foundation/form/pathbrowser"
                                                fieldLabel="Source Link"
                                                name="./sourceLink"/>
                                        </items>
                                    </private-policy>
                                    <others
                                        jcr:primaryType="nt:unstructured"
                                        jcr:title="Others"
                                        sling:resourceType="granite/ui/components/coral/foundation/form/fieldset">
                                        <items jcr:primaryType="nt:unstructured">
                                            <copyright
                                                jcr:primaryType="nt:unstructured"
                                                sling:resourceType="granite/ui/components/coral/foundation/form/textfield"
                                                fieldLabel="Copyright"
                                                name="./copyright"/>
                                            <slogan
                                                jcr:primaryType="nt:unstructured"
                                                sling:resourceType="granite/ui/components/coral/foundation/form/textfield"
                                                fieldLabel="Slogan"
                                                name="./slogan"/>
                                        </items>
                                    </others>
                                </items>
                            </column>
                        </items>
                    </footer>
                    <social-medias
                        jcr:primaryType="nt:unstructured"
                        jcr:title="Social Medias"
                        sling:resourceType="granite/ui/components/coral/foundation/fixedcolumns">
                        <items jcr:primaryType="nt:unstructured">
                            <social-medias-config
                                jcr:primaryType="nt:unstructured"
                                jcr:title="Social Medias"
                                sling:resourceType="granite/ui/components/coral/foundation/form/fieldset">
                                <items jcr:primaryType="nt:unstructured">
                                    <social-medias-Items
                                        jcr:primaryType="nt:unstructured"
                                        jcr:title="social-medias-items"
                                        sling:resourceType="granite/ui/components/coral/foundation/form/multifield"
                                        composite="{Boolean}true"
                                        fieldLabel="social medias Items">
                                        <field
                                            jcr:primaryType="nt:unstructured"
                                            sling:resourceType="granite/ui/components/coral/foundation/container"
                                            name="./socialMediasItems">
                                            <items jcr:primaryType="nt:unstructured">
                                                <social-media
                                                    jcr:primaryType="nt:unstructured"
                                                    sling:resourceType="granite/ui/components/coral/foundation/form/select"
                                                    fieldLabel="Icon"
                                                    name="./Icons">
                                                    <datasource
                                                        jcr:primaryType="nt:unstructured"
                                                        sling:resourceType="/bin/perficientDigital/footerSocialMediaServlet"/>
                                                </social-media>
                                            </items>
                                        </field>
                                    </social-medias-Items>
                                </items>
                            </social-medias-config>
                        </items>
                    </social-medias>
                </items>
            </tabs>
        </items>
    </content>
</jcr:root>
