<?xml version="1.0" encoding="UTF-8"?>
<jcr:root xmlns:sling="http://sling.apache.org/jcr/sling/1.0" xmlns:granite="http://www.adobe.com/jcr/granite/1.0" xmlns:cq="http://www.day.com/jcr/cq/1.0" xmlns:jcr="http://www.jcp.org/jcr/1.0" xmlns:nt="http://www.jcp.org/jcr/nt/1.0"
    jcr:primaryType="nt:unstructured"
    jcr:title="header"
    sling:resourceType="cq/gui/components/authoring/dialog"
    helpPath="https://www.adobe.com/go/aem6_4_docs_component_en#Title">
    <content
        jcr:primaryType="nt:unstructured"
        sling:resourceType="granite/ui/components/coral/foundation/container">
        <layout
            jcr:primaryType="nt:unstructured"
            sling:resourceType="granite/ui/components/foundation/layouts/fixedcolumns"
            margin="{Boolean}false"/>
        <items jcr:primaryType="nt:unstructured">
            <tabs
                granite:class="cq-siteadmin-admin-properties-tabs"
                jcr:primaryType="nt:unstructured"
                sling:resourceType="granite/ui/components/coral/foundation/tabs"
                size="L">
                <items jcr:primaryType="nt:unstructured">
                    <logo
                        jcr:primaryType="nt:unstructured"
                        jcr:title="Logo"
                        sling:resourceType="granite/ui/components/coral/foundation/fixedcolumns">
                        <items jcr:primaryType="nt:unstructured">
                            <column
                                jcr:primaryType="nt:unstructured"
                                sling:resourceType="granite/ui/components/coral/foundation/container">
                                <items jcr:primaryType="nt:unstructured">
                                    <logo-config
                                        jcr:primaryType="nt:unstructured"
                                        jcr:title="Logo Config"
                                        sling:resourceType="granite/ui/components/coral/foundation/form/fieldset">
                                        <items jcr:primaryType="nt:unstructured">
                                            <logo-alt-text
                                                jcr:primaryType="nt:unstructured"
                                                sling:resourceType="granite/ui/components/coral/foundation/form/textfield"
                                                fieldLabel="Logo Alt Text"
                                                name="./logoAltText"/>
                                            <logo-link-url
                                                jcr:primaryType="nt:unstructured"
                                                sling:resourceType="granite/ui/components/coral/foundation/form/pathbrowser"
                                                fieldLabel="Logo Link Url"
                                                name="./logoLinkUrl"
                                                required="{Boolean}true"/>
                                            <logo-image-url
                                                jcr:primaryType="nt:unstructured"
                                                sling:resourceType="cq/gui/components/authoring/dialog/fileupload"
                                                autoStart="{Boolean}false"
                                                class="cq-droptarget"
                                                fieldLabel="Image asset"
                                                fileNameParameter="./logoImageUrl"
                                                fileReferenceParameter="./logoImageUrl"
                                                mimeTypes="[image/gif,image/jpeg,image/png,image/webp,image/tiff]"
                                                multiple="{Boolean}false"
                                                name="./logo-image-url"
                                                title="Upload Image Asset"
                                                uploadUrl="${suffix.path}"
                                                useHTML5="{Boolean}true"/>
                                        </items>
                                    </logo-config>
                                </items>
                            </column>
                        </items>
                    </logo>
                    <navigation
                        jcr:primaryType="nt:unstructured"
                        jcr:title="Navigation"
                        sling:resourceType="granite/ui/components/coral/foundation/fixedcolumns">
                        <items jcr:primaryType="nt:unstructured">
                            <navigation-config
                                jcr:primaryType="nt:unstructured"
                                jcr:title="Navigation Config"
                                sling:resourceType="granite/ui/components/coral/foundation/form/fieldset">
                                <items jcr:primaryType="nt:unstructured">
                                    <navigationItems
                                        jcr:primaryType="nt:unstructured"
                                        jcr:title="navigation Config"
                                        sling:resourceType="granite/ui/components/coral/foundation/form/multifield"
                                        composite="{Boolean}true"
                                        eaem-show-on-collapse="EAEM.show"
                                        fieldLabel="navigationItems">
                                        <field
                                            jcr:primaryType="nt:unstructured"
                                            sling:resourceType="granite/ui/components/coral/foundation/container"
                                            name="./navigationItems">
                                            <items jcr:primaryType="nt:unstructured">
                                                <link-name
                                                    jcr:primaryType="nt:unstructured"
                                                    sling:resourceType="granite/ui/components/coral/foundation/form/textfield"
                                                    fieldLabel="Link Name"
                                                    name="./linkName"
                                                    required="{Boolean}true"/>
                                                <link-url
                                                    jcr:primaryType="nt:unstructured"
                                                    sling:resourceType="granite/ui/components/coral/foundation/form/pathbrowser"
                                                    fieldLabel="Link Url"
                                                    name="./linkUrl"
                                                    validation="internal-link-url"/>
                                            </items>
                                        </field>
                                    </navigationItems>
                                </items>
                            </navigation-config>
                        </items>
                    </navigation>
                    <link
                        jcr:primaryType="nt:unstructured"
                        jcr:title="Link"
                        sling:resourceType="granite/ui/components/coral/foundation/fixedcolumns">
                        <items jcr:primaryType="nt:unstructured">
                            <link-config
                                jcr:primaryType="nt:unstructured"
                                jcr:title="Link Config"
                                sling:resourceType="granite/ui/components/coral/foundation/form/fieldset">
                                <items jcr:primaryType="nt:unstructured">
                                    <links
                                        jcr:primaryType="nt:unstructured"
                                        jcr:title="Link Config"
                                        sling:resourceType="granite/ui/components/coral/foundation/form/multifield"
                                        composite="{Boolean}true"
                                        eaem-show-on-collapse="EAEM.show"
                                        fieldLabel="links">
                                        <field
                                            jcr:primaryType="nt:unstructured"
                                            sling:resourceType="granite/ui/components/coral/foundation/container"
                                            name="./links">
                                            <items jcr:primaryType="nt:unstructured">
                                                <link-name
                                                    jcr:primaryType="nt:unstructured"
                                                    sling:resourceType="granite/ui/components/coral/foundation/form/textfield"
                                                    fieldLabel="Link Name"
                                                    name="./linkName"
                                                    required="{Boolean}true"/>
                                                <link-url
                                                    jcr:primaryType="nt:unstructured"
                                                    sling:resourceType="granite/ui/components/coral/foundation/form/pathbrowser"
                                                    fieldLabel="Link Url"
                                                    name="./linkUrl"
                                                    required="{Boolean}true"/>
                                            </items>
                                        </field>
                                    </links>
                                </items>
                            </link-config>
                        </items>
                    </link>
                    <links
                        cq:showOnEdit="{Boolean}false"
                        jcr:primaryType="nt:unstructured"
                        jcr:title="Links"
                        sling:resourceType="granite/ui/components/coral/foundation/fixedcolumns"
                        display="{Boolean}false">
                        <items jcr:primaryType="nt:unstructured">
                            <column
                                jcr:primaryType="nt:unstructured"
                                sling:resourceType="granite/ui/components/coral/foundation/container">
                                <items jcr:primaryType="nt:unstructured">
                                    <about-link
                                        jcr:primaryType="nt:unstructured"
                                        jcr:title="About Link Config"
                                        sling:resourceType="granite/ui/components/coral/foundation/form/fieldset">
                                        <items jcr:primaryType="nt:unstructured">
                                            <link-name
                                                jcr:primaryType="nt:unstructured"
                                                sling:resourceType="granite/ui/components/coral/foundation/form/textfield"
                                                fieldLabel="Link Name"
                                                name="./aboutLinkName"
                                                required="{Boolean}true"/>
                                            <link-url
                                                jcr:primaryType="nt:unstructured"
                                                sling:resourceType="granite/ui/components/coral/foundation/form/pathfield"
                                                fieldLabel="Link Url"
                                                name="./aboutLinkUrl"
                                                required="{Boolean}true"/>
                                        </items>
                                    </about-link>
                                    <investors-link
                                        jcr:primaryType="nt:unstructured"
                                        jcr:title="Investors Link Config"
                                        sling:resourceType="granite/ui/components/coral/foundation/form/fieldset">
                                        <items jcr:primaryType="nt:unstructured">
                                            <link-name
                                                jcr:primaryType="nt:unstructured"
                                                sling:resourceType="granite/ui/components/coral/foundation/form/textfield"
                                                fieldLabel="Link Name"
                                                name="./investorsLinkName"
                                                required="{Boolean}true"/>
                                            <link-url
                                                jcr:primaryType="nt:unstructured"
                                                sling:resourceType="granite/ui/components/coral/foundation/form/pathfield"
                                                fieldLabel="Link Url"
                                                name="./investorsLinkUrl"
                                                required="{Boolean}true"/>
                                        </items>
                                    </investors-link>
                                    <careers-link
                                        jcr:primaryType="nt:unstructured"
                                        jcr:title="Careers Link Config"
                                        sling:resourceType="granite/ui/components/coral/foundation/form/fieldset">
                                        <items jcr:primaryType="nt:unstructured">
                                            <link-name
                                                jcr:primaryType="nt:unstructured"
                                                sling:resourceType="granite/ui/components/coral/foundation/form/textfield"
                                                fieldLabel="Link Name"
                                                name="./careersLinkName"
                                                required="{Boolean}true"/>
                                            <link-url
                                                jcr:primaryType="nt:unstructured"
                                                sling:resourceType="granite/ui/components/coral/foundation/form/pathfield"
                                                fieldLabel="Link Url"
                                                name="./careersLinkUrl"
                                                required="{Boolean}true"/>
                                        </items>
                                    </careers-link>
                                    <contact-link
                                        jcr:primaryType="nt:unstructured"
                                        jcr:title="Contact Link Config"
                                        sling:resourceType="granite/ui/components/coral/foundation/form/fieldset">
                                        <items jcr:primaryType="nt:unstructured">
                                            <link-name
                                                jcr:primaryType="nt:unstructured"
                                                sling:resourceType="granite/ui/components/coral/foundation/form/textfield"
                                                fieldLabel="Link Name"
                                                name="./contactLinkName"
                                                required="{Boolean}true"/>
                                            <link-url
                                                jcr:primaryType="nt:unstructured"
                                                sling:resourceType="granite/ui/components/coral/foundation/form/pathfield"
                                                fieldLabel="Link Url"
                                                name="./contactLinkUrl"
                                                required="{Boolean}true"/>
                                        </items>
                                    </contact-link>
                                </items>
                            </column>
                        </items>
                    </links>
                </items>
            </tabs>
        </items>
    </content>
</jcr:root>
